{
  "doctype": "DocType",
  "name": "Donation",
  "module": "Notariat",
  "custom": 1,
  "fields": [
    {
      "fieldname": "donateur",
      "label": "Donateur",
      "fieldtype": "Link",
      "options": "Client"
    },
    {
      "fieldname": "donataire",
      "label": "Donataire",
      "fieldtype": "Link",
      "options": "Client"
    },
    {
      "fieldname": "bien_donne",
      "label": "Bien donn\u00e9",
      "fieldtype": "Data"
    },
    {
      "fieldname": "conditions",
      "label": "Conditions",
      "fieldtype": "Text"
    },
    {
      "fieldname": "date",
      "label": "Date de Donation",
      "fieldtype": "Date"
    }
  ]
}