{
  "doctype": "DocType",
  "name": "Depot Acte",
  "module": "Notariat",
  "custom": 1,
  "fields": [
    {
      "fieldname": "acte",
      "label": "Acte Notari\u00e9",
      "fieldtype": "Link",
      "options": "Acte Notari\u00e9",
      "reqd": 1
    },
    {
      "fieldname": "depose_par",
      "label": "D\u00e9pos\u00e9 par",
      "fieldtype": "Data",
      "reqd": 1
    },
    {
      "fieldname": "date_depot",
      "label": "Date de D\u00e9p\u00f4t",
      "fieldtype": "Date",
      "reqd": 1
    },
    {
      "fieldname": "mode_depot",
      "label": "Mode de D\u00e9p\u00f4t",
      "fieldtype": "Select",
      "options": "En main propre\nEmail\nPlateforme"
    },
    {
      "fieldname": "receptionne_par",
      "label": "R\u00e9ceptionn\u00e9 par",
      "fieldtype": "Link",
      "options": "User"
    },
    {
      "fieldname": "preuve",
      "label": "Preuve D\u00e9p\u00f4t",
      "fieldtype": "Attach"
    }
  ]
}