{
  "doctype": "DocType",
  "name": "Cession Parts Sociales",
  "module": "Notariat",
  "custom": 1,
  "fields": [
    {
      "fieldname": "cedant",
      "label": "C\u00e9dant",
      "fieldtype": "Link",
      "options": "Client"
    },
    {
      "fieldname": "cessionnaire",
      "label": "Cessionnaire",
      "fieldtype": "Link",
      "options": "Client"
    },
    {
      "fieldname": "societe",
      "label": "Soci\u00e9t\u00e9",
      "fieldtype": "Data"
    },
    {
      "fieldname": "parts",
      "label": "Parts c\u00e9d\u00e9es",
      "fieldtype": "Int"
    },
    {
      "fieldname": "valeur",
      "label": "Valeur",
      "fieldtype": "Currency"
    },
    {
      "fieldname": "date",
      "label": "Date de cession",
      "fieldtype": "Date"
    }
  ]
}