{
  "doctype": "DocType",
  "name": "Journal de Tracabilite",
  "module": "Notariat",
  "custom": 1,
  "fields": [
    {
      "fieldname": "acte",
      "label": "Acte Notari\u00e9",
      "fieldtype": "Link",
      "options": "Acte Notari\u00e9",
      "reqd": 1
    },
    {
      "fieldname": "type_evenement",
      "label": "Type d'\u00e9v\u00e9nement",
      "fieldtype": "Select",
      "options": "Cr\u00e9ation\nD\u00e9p\u00f4t\nR\u00e9ception\nSignature\nEnvoi\nArchivage",
      "reqd": 1
    },
    {
      "fieldname": "datetime_event",
      "label": "Date/Heure",
      "fieldtype": "Datetime",
      "reqd": 1
    },
    {
      "fieldname": "utilisateur",
      "label": "Utilisateur",
      "fieldtype": "Link",
      "options": "User"
    },
    {
      "fieldname": "observations",
      "label": "Observations",
      "fieldtype": "Small Text"
    },
    {
      "fieldname": "justificatif",
      "label": "Fichier Justificatif",
      "fieldtype": "Attach"
    }
  ]
}