{
  "doctype": "DocType",
  "name": "Signature Acte",
  "module": "Notariat",
  "custom": 1,
  "fields": [
    {
      "fieldname": "acte",
      "label": "Acte Notari\u00e9",
      "fieldtype": "Link",
      "options": "Acte Notari\u00e9",
      "reqd": 1
    },
    {
      "fieldname": "signataire",
      "label": "Signataire",
      "fieldtype": "Data"
    },
    {
      "fieldname": "date_signature",
      "label": "Date de Signature",
      "fieldtype": "Date"
    },
    {
      "fieldname": "type_signature",
      "label": "Type de Signature",
      "fieldtype": "Select",
      "options": "Physique\n\u00c9lectronique"
    },
    {
      "fieldname": "preuve",
      "label": "Preuve Signature",
      "fieldtype": "Attach"
    }
  ]
}