{
  "doctype": "DocType",
  "name": "Reception Acte",
  "module": "Notariat",
  "custom": 1,
  "fields": [
    {
      "fieldname": "acte",
      "label": "Acte Notari\u00e9",
      "fieldtype": "Link",
      "options": "Acte Notari\u00e9",
      "reqd": 1
    },
    {
      "fieldname": "recu_par",
      "label": "Re\u00e7u par",
      "fieldtype": "Data"
    },
    {
      "fieldname": "date_reception",
      "label": "Date de R\u00e9ception",
      "fieldtype": "Date"
    },
    {
      "fieldname": "moyen",
      "label": "Moyen de Remise",
      "fieldtype": "Select",
      "options": "Email\nCourrier\nMain propre"
    },
    {
      "fieldname": "preuve",
      "label": "Preuve R\u00e9ception",
      "fieldtype": "Attach"
    }
  ]
}