{
  "doctype": "DocType",
  "name": "Testament",
  "module": "Notariat",
  "custom": 1,
  "fields": [
    {
      "fieldname": "testateur",
      "label": "Testateur",
      "fieldtype": "Link",
      "options": "Client"
    },
    {
      "fieldname": "beneficiaires",
      "label": "B\u00e9n\u00e9ficiaires",
      "fieldtype": "Table",
      "options": "Client"
    },
    {
      "fieldname": "biens_legues",
      "label": "Biens l\u00e9gu\u00e9s",
      "fieldtype": "Text"
    },
    {
      "fieldname": "conditions",
      "label": "Conditions",
      "fieldtype": "Text"
    },
    {
      "fieldname": "date",
      "label": "Date de r\u00e9daction",
      "fieldtype": "Date"
    }
  ]
}