{
  "doctype": "DocType",
  "name": "Acte De Vente",
  "module": "Notariat",
  "custom": 1,
  "fields": [
    {
      "fieldname": "vendeur",
      "label": "Vendeur",
      "fieldtype": "Link",
      "options": "Client"
    },
    {
      "fieldname": "acheteur",
      "label": "Acheteur",
      "fieldtype": "Link",
      "options": "Client"
    },
    {
      "fieldname": "bien_vendu",
      "label": "Bien Vendu",
      "fieldtype": "Data"
    },
    {
      "fieldname": "prix",
      "label": "Prix",
      "fieldtype": "Currency"
    },
    {
      "fieldname": "modalites",
      "label": "Modalit\u00e9s de paiement",
      "fieldtype": "Data"
    },
    {
      "fieldname": "date_signature",
      "label": "Date de Signature",
      "fieldtype": "Date"
    }
  ]
}