{
  "doctype": "DocType",
  "name": "Contrat Mariage",
  "module": "Notariat",
  "custom": 1,
  "fields": [
    {
      "fieldname": "epoux",
      "label": "\u00c9poux",
      "fieldtype": "Link",
      "options": "Client"
    },
    {
      "fieldname": "epouse",
      "label": "\u00c9pouse",
      "fieldtype": "Link",
      "options": "Client"
    },
    {
      "fieldname": "regime",
      "label": "R\u00e9gime matrimonial",
      "fieldtype": "Select",
      "options": "Communaut\u00e9\nS\u00e9paration\nParticipation aux acqu\u00eats"
    },
    {
      "fieldname": "clauses",
      "label": "Clauses sp\u00e9cifiques",
      "fieldtype": "Text"
    },
    {
      "fieldname": "date",
      "label": "Date du contrat",
      "fieldtype": "Date"
    }
  ]
}