{
    "doctype": "DocType",
    "name": "Vente Acheteur",
    "module": "Custom",
    "custom": 1,
    "fields": [
        {
            "fieldname": "partie",
            "label": "Acheteur",
            "fieldtype": "Link",
            "options": "Partie",
            "reqd": 1,
            "in_list_view": 1
        },
        {
            "fieldname": "part_propriete",
            "label": "% Propriété Acquise",
            "fieldtype": "Percent",
            "in_list_view": 1
        }
    ],
    "istable": 1,
    "permissions": []
}