{
    "doctype": "DocType",
    "name": "Acte de Notoriété",
    "module": "Custom",
    "custom": 1,
    "fields": [
        {
            "fieldname": "dossier",
            "label": "Dossier",
            "fieldtype": "Link",
            "options": "Dossier Notarial",
            "reqd": 1
        },
        {
            "fieldname": "defunt",
            "label": "Défunt",
            "fieldtype": "Link",
            "options": "Partie"
        },
        {
            "fieldname": "heritiers",
            "label": "Héritiers (Liste)",
            "fieldtype": "Table",
            "options": "Héritier"
        },
        {
            "fieldname": "temoins",
            "label": "Témoins",
            "fieldtype": "Table",
            "options": "Témoin"
        },
        {
            "fieldname": "acte_redige",
            "label": "Acte Rédigé",
            "fieldtype": "Check",
            "default": 0
        },
        {
            "fieldname": "signe_parties",
            "label": "Signé par Parties",
            "fieldtype": "Check",
            "default": 0
        },
        {
            "fieldname": "signe_notaire",
            "label": "Signé par Notaire",
            "fieldtype": "Check",
            "default": 0
        },
        {
            "fieldname": "droits_enregistrement",
            "label": "Droits d’Enregistrement",
            "fieldtype": "Currency"
        },
        {
            "fieldname": "enregistre",
            "label": "Enregistré (Impôts)",
            "fieldtype": "Check",
            "default": 0
        },
        {
            "fieldname": "depot_cadastre",
            "label": "Dépôt au Cadastre",
            "fieldtype": "Check",
            "default": 0
        },
        {
            "fieldname": "titres_mis_a_jour",
            "label": "Titres Mis à Jour",
            "fieldtype": "Check",
            "default": 0
        },
        {
            "fieldname": "expeditions_remises",
            "label": "Expéditions Remises",
            "fieldtype": "Check",
            "default": 0
        },
        {
            "fieldname": "observations",
            "label": "Observations",
            "fieldtype": "Text"
        }
    ],
    "istable": 0,
    "permissions": []
}

