{
    "doctype": "DocType",
    "name": "Adjudication",
    "module": "Custom",
    "custom": 1,
    "fields": [
        {
            "fieldname": "dossier",
            "label": "Dossier",
            "fieldtype": "Link",
            "options": "Dossier Notarial",
            "reqd": 1
        },
        {
            "fieldname": "vendeur_autorite",
            "label": "Vendeur / Autorité",
            "fieldtype": "Link",
            "options": "Partie"
        },
        {
            "fieldname": "adjudicataire",
            "label": "Adjudicataire",
            "fieldtype": "Link",
            "options": "Partie"
        },
        {
            "fieldname": "date_enchere",
            "label": "Date de l’Enchère",
            "fieldtype": "Date"
        },
        {
            "fieldname": "mise_a_prix",
            "label": "Mise à Prix",
            "fieldtype": "Currency"
        },
        {
            "fieldname": "prix_adjugues",
            "label": "Prix Adjugué",
            "fieldtype": "Currency"
        },
        {
            "fieldname": "frais_adjudication",
            "label": "Frais Adjudication",
            "fieldtype": "Currency"
        },
        {
            "fieldname": "description_bien",
            "label": "Description du Bien",
            "fieldtype": "Small Text"
        },
        {
            "fieldname": "reference_titre",
            "label": "Référence Titre",
            "fieldtype": "Data"
        },
        {
            "fieldname": "notaire_signe",
            "label": "Notaire a Signé",
            "fieldtype": "Check",
            "default": 0
        },
        {
            "fieldname": "enregistre",
            "label": "Enregistré",
            "fieldtype": "Check",
            "default": 0
        },
        {
            "fieldname": "depot_conservation",
            "label": "Dépôt Conservation",
            "fieldtype": "Check",
            "default": 0
        },
        {
            "fieldname": "documents_remis",
            "label": "Documents remis",
            "fieldtype": "Check",
            "default": 0
        },
        {
            "fieldname": "observations",
            "label": "Observations",
            "fieldtype": "Text"
        }
    ],
    "istable": 0,
    "permissions": []
}
