{
    "doctype": "DocType",
    "name": "Apport Partiel d’Actif",
    "module": "Custom",
    "custom": 1,
    "fields": [
        {
            "fieldname": "dossier",
            "label": "Dossier",
            "fieldtype": "Link",
            "options": "Dossier Notarial",
            "reqd": 1
        },
        {
            "fieldname": "societe_apporteuse",
            "label": "Société Apporteuse",
            "fieldtype": "Link",
            "options": "Partie"
        },
        {
            "fieldname": "societe_beneficiaire",
            "label": "Société Bénéficiaire",
            "fieldtype": "Link",
            "options": "Partie"
        },
        {
            "fieldname": "description_branche",
            "label": "Description de la Branche",
            "fieldtype": "Text"
        },
        {
            "fieldname": "valorisation_apport",
            "label": "Valorisation de l’Apport",
            "fieldtype": "Currency"
        },
        {
            "fieldname": "remuneration_apport",
            "label": "Rémunération de l’Apport",
            "fieldtype": "Small Text"
        },
        {
            "fieldname": "projet_apport_redige",
            "label": "Projet d’Apport Rédigé",
            "fieldtype": "Check",
            "default": 0
        },
        {
            "fieldname": "ag_approbation",
            "label": "AG Approbation Apport",
            "fieldtype": "Check",
            "default": 0
        },
        {
            "fieldname": "acte_apport_redige",
            "label": "Acte d’Apport Rédigé",
            "fieldtype": "Check",
            "default": 0
        },
        {
            "fieldname": "signe_notaire",
            "label": "Signé par Notaire",
            "fieldtype": "Check",
            "default": 0
        },
        {
            "fieldname": "enregistre_impots",
            "label": "Enregistré (Impôts)",
            "fieldtype": "Check",
            "default": 0
        },
        {
            "fieldname": "immatriculations_maj",
            "label": "Immatriculations MàJ",
            "fieldtype": "Check",
            "default": 0
        },
        {
            "fieldname": "documents_remis",
            "label": "Documents remis",
            "fieldtype": "Check",
            "default": 0
        },
        {
            "fieldname": "observations",
            "label": "Observations",
            "fieldtype": "Text"
        }
    ],
    "istable": 0,
    "permissions": []
}
