{
    "doctype": "DocType",
    "name": "Associé",
    "module": "Custom",
    "custom": 1,
    "fields": [
        {
            "fieldname": "partie",
            "label": "Partie",
            "fieldtype": "Link",
            "options": "Partie",
            "reqd": 1,
            "in_list_view": 1
        },
        {
            "fieldname": "apport",
            "label": "Apport",
            "fieldtype": "Data",
            "in_list_view": 1
        }
    ],
    "istable": 1,
    "permissions": []
}