{
    "doctype": "DocType",
    "name": "Attribution Partage",
    "module": "Custom",
    "custom": 1,
    "fields": [
        {
            "fieldname": "indivisaire",
            "label": "Indivisaire",
            "fieldtype": "Link",
            "options": "Partie",
            "reqd": 1,
            "in_list_view": 1
        },
        {
            "fieldname": "bien",
            "label": "Bien Attribué",
            "fieldtype": "Data",
            "in_list_view": 1
        }
    ],
    "istable": 1,
    "permissions": []
}