{
    "doctype": "DocType",
    "name": "Autorisation Parentale",
    "module": "Custom",
    "custom": 1,
    "fields": [
        {
            "fieldname": "dossier",
            "label": "Dossier",
            "fieldtype": "Link",
            "options": "Dossier Notarial",
            "reqd": 1
        },
        {
            "fieldname": "parent_auteur",
            "label": "Parent (Auteur)",
            "fieldtype": "Link",
            "options": "Partie"
        },
        {
            "fieldname": "beneficiaire_mineur",
            "label": "Bénéficiaire Mineur",
            "fieldtype": "Link",
            "options": "Partie"
        },
        {
            "fieldname": "objet_autorisation",
            "label": "Objet de l’Autorisation",
            "fieldtype": "Small Text"
        },
        {
            "fieldname": "acte_signe",
            "label": "Acte Signé",
            "fieldtype": "Check",
            "default": 0
        },
        {
            "fieldname": "notaire_signe",
            "label": "Notaire a Signé",
            "fieldtype": "Check",
            "default": 0
        },
        {
            "fieldname": "enregistre",
            "label": "Enregistré",
            "fieldtype": "Check",
            "default": 0
        },
        {
            "fieldname": "copies_remises",
            "label": "Copies Remises",
            "fieldtype": "Check",
            "default": 0
        }
    ],
    "istable": 0,
    "permissions": []
}