{
    "doctype": "DocType",
    "name": "Bien à Partager",
    "module": "Custom",
    "custom": 1,
    "fields": [
        {
            "fieldname": "description",
            "label": "Description du Bien",
            "fieldtype": "Data",
            "in_list_view": 1
        },
        {
            "fieldname": "valeur",
            "label": "Valeur",
            "fieldtype": "Currency",
            "in_list_view": 1
        }
    ],
    "istable": 1,
    "permissions": []
}