{
    "doctype": "DocType",
    "name": "Cession de Parts Sociales ou Actions",
    "module": "Custom",
    "custom": 1,
    "fields": [
        {
            "fieldname": "dossier",
            "label": "Dossier",
            "fieldtype": "Link",
            "options": "Dossier Notarial",
            "reqd": 1
        },
        {
            "fieldname": "societe",
            "label": "Société Concernée",
            "fieldtype": "Link",
            "options": "Partie"
        },
        {
            "fieldname": "cedant",
            "label": "Cédant (Vendeur)",
            "fieldtype": "Link",
            "options": "Partie",
            "reqd": 1
        },
        {
            "fieldname": "cessionnaire",
            "label": "Cessionnaire (Acheteur)",
            "fieldtype": "Link",
            "options": "Partie",
            "reqd": 1
        },
        {
            "fieldname": "nombre_parts",
            "label": "Nombre de Parts/Actions",
            "fieldtype": "Int"
        },
        {
            "fieldname": "pourcentage_capital",
            "label": "Pourcentage Capital",
            "fieldtype": "Percent"
        },
        {
            "fieldname": "prix_cession",
            "label": "Prix de Cession",
            "fieldtype": "Currency"
        },
        {
            "fieldname": "agrement_associes",
            "label": "Agrément des Associés",
            "fieldtype": "Check",
            "default": 0
        },
        {
            "fieldname": "acte_cession_redige",
            "label": "Acte de Cession Rédigé",
            "fieldtype": "Check",
            "default": 0
        },
        {
            "fieldname": "acte_cession_signe",
            "label": "Acte de Cession Signé",
            "fieldtype": "Check",
            "default": 0
        },
        {
            "fieldname": "acte_depot_redige",
            "label": "Acte de Dépôt Rédigé",
            "fieldtype": "Check",
            "default": 0
        },
        {
            "fieldname": "notaire_signe",
            "label": "Notaire a Signé",
            "fieldtype": "Check",
            "default": 0
        },
        {
            "fieldname": "enregistre_dgid",
            "label": "Enregistré DGID",
            "fieldtype": "Check",
            "default": 0
        },
        {
            "fieldname": "declaration_greffe",
            "label": "Déclaration Modificative Greffe",
            "fieldtype": "Check",
            "default": 0
        },
        {
            "fieldname": "docs_greffe_recus",
            "label": "Docs du Greffe Reçus",
            "fieldtype": "Check",
            "default": 0
        },
        {
            "fieldname": "expeditions_remises",
            "label": "Expéditions Remises",
            "fieldtype": "Check",
            "default": 0
        },
        {
            "fieldname": "observations",
            "label": "Observations",
            "fieldtype": "Text"
        }
    ],
    "istable": 0,
    "permissions": []
}