{
    "doctype": "DocType",
    "name": "Constitution de Société Commerciale",
    "module": "Custom",
    "custom": 1,
    "fields": [
        {
            "fieldname": "dossier",
            "label": "Dossier",
            "fieldtype": "Link",
            "options": "Dossier Notarial",
            "reqd": 1
        },
        {
            "fieldname": "denomination",
            "label": "Dénomination Sociale",
            "fieldtype": "Data"
        },
        {
            "fieldname": "forme_juridique",
            "label": "Forme Juridique",
            "fieldtype": "Select",
            "options": "SA\nSARL\nSAS\nAutre"
        },
        {
            "fieldname": "objet_social",
            "label": "Objet Social",
            "fieldtype": "Text"
        },
        {
            "fieldname": "capital_social",
            "label": "Capital Social",
            "fieldtype": "Currency"
        },
        {
            "fieldname": "associes",
            "label": "Associés/Fondateurs",
            "fieldtype": "Table",
            "options": "Associé"
        },
        {
            "fieldname": "pv_constitutive",
            "label": "Procès-Verbal Assemblée Constitutive",
            "fieldtype": "Check",
            "default": 0
        },
        {
            "fieldname": "declarations_fiscales",
            "label": "Déclarations Fiscales",
            "fieldtype": "Check",
            "default": 1
        },
        {
            "fieldname": "statuts_termine",
            "label": "Rédaction Statuts Terminée",
            "fieldtype": "Check",
            "default": 0
        },
        {
            "fieldname": "statuts_signes",
            "label": "Statuts Signés par Notaire",
            "fieldtype": "Check",
            "default": 0
        },
        {
            "fieldname": "enregistre_dgid",
            "label": "Enregistré DGID",
            "fieldtype": "Check",
            "default": 0
        },
        {
            "fieldname": "no_registre_commerce",
            "label": "No Registre Commerce",
            "fieldtype": "Data"
        },
        {
            "fieldname": "remise_documents",
            "label": "Remise Documents Client",
            "fieldtype": "Check",
            "default": 0
        },
        {
            "fieldname": "observations",
            "label": "Observations",
            "fieldtype": "Text"
        }
    ],
    "istable": 0,
    "permissions": []
}