{
    "doctype": "DocType",
    "name": "Constitution de G.I.E.",
    "module": "Custom",
    "custom": 1,
    "fields": [
        {
            "fieldname": "dossier",
            "label": "Dossier",
            "fieldtype": "Link",
            "options": "Dossier Notarial",
            "reqd": 1
        },
        {
            "fieldname": "denomination",
            "label": "Dénomination (GIE)",
            "fieldtype": "Data"
        },
        {
            "fieldname": "objet_gie",
            "label": "Objet du GIE",
            "fieldtype": "Text"
        },
        {
            "fieldname": "capital",
            "label": "Capital (si applicable)",
            "fieldtype": "Currency"
        },
        {
            "fieldname": "membres",
            "label": "Membres",
            "fieldtype": "Table",
            "options": "Membre GIE"
        },
        {
            "fieldname": "statuts_rediges",
            "label": "Statuts GIE Rédigés",
            "fieldtype": "Check",
            "default": 0
        },
        {
            "fieldname": "reglement_interieur",
            "label": "Règlement Intérieur",
            "fieldtype": "Check",
            "default": 0
        },
        {
            "fieldname": "declaration_existence",
            "label": "Déclaration d’Existence",
            "fieldtype": "Check",
            "default": 0
        },
        {
            "fieldname": "docs_signes_notaire",
            "label": "Docs Signés par Notaire",
            "fieldtype": "Check",
            "default": 0
        },
        {
            "fieldname": "enregistre_immatricule",
            "label": "Enregistré & Immatriculé",
            "fieldtype": "Check",
            "default": 0
        },
        {
            "fieldname": "no_registre",
            "label": "No Registre / Référence",
            "fieldtype": "Data"
        },
        {
            "fieldname": "documents_remis",
            "label": "Documents remis",
            "fieldtype": "Check",
            "default": 0
        },
        {
            "fieldname": "observations",
            "label": "Observations",
            "fieldtype": "Text"
        }
    ],
    "istable": 0,
    "permissions": []
}