{
    "doctype": "DocType",
    "name": "Contrat de Mariage",
    "module": "Custom",
    "custom": 1,
    "fields": [
        {
            "fieldname": "dossier",
            "label": "Dossier",
            "fieldtype": "Link",
            "options": "Dossier Notarial",
            "reqd": 1
        },
        {
            "fieldname": "epoux1",
            "label": "Époux 1",
            "fieldtype": "Link",
            "options": "Partie",
            "reqd": 1
        },
        {
            "fieldname": "epoux2",
            "label": "Époux 2",
            "fieldtype": "Link",
            "options": "Partie",
            "reqd": 1
        },
        {
            "fieldname": "date_mariage_prevue",
            "label": "Date Mariage Prévue",
            "fieldtype": "Date"
        },
        {
            "fieldname": "regime_choisi",
            "label": "Régime Choisi",
            "fieldtype": "Select",
            "options": "Communauté des biens\nSéparation de biens\nParticipation aux acquêts"
        },
        {
            "fieldname": "clauses_particulieres",
            "label": "Clauses Particulières",
            "fieldtype": "Small Text"
        },
        {
            "fieldname": "acte_redige",
            "label": "Acte Rédigé",
            "fieldtype": "Check",
            "default": 0
        },
        {
            "fieldname": "signe_epoux",
            "label": "Signé (Époux)",
            "fieldtype": "Check",
            "default": 0
        },
        {
            "fieldname": "signe_notaire",
            "label": "Signé (Notaire)",
            "fieldtype": "Check",
            "default": 0
        },
        {
            "fieldname": "enregistre",
            "label": "Enregistré",
            "fieldtype": "Check",
            "default": 0
        },
        {
            "fieldname": "transcription_registre",
            "label": "Transcription au Registre d’État Civil",
            "fieldtype": "Check",
            "default": 0
        },
        {
            "fieldname": "copies_remises",
            "label": "Copies Remises",
            "fieldtype": "Check",
            "default": 0
        }
    ],
    "istable": 0,
    "permissions": []
}