{
    "doctype": "DocType",
    "name": "Dissolution de Société",
    "module": "Custom",
    "custom": 1,
    "fields": [
        {
            "fieldname": "dossier",
            "label": "Dossier",
            "fieldtype": "Link",
            "options": "Dossier Notarial",
            "reqd": 1
        },
        {
            "fieldname": "societe",
            "label": "Société Concernée",
            "fieldtype": "Link",
            "options": "Partie"
        },
        {
            "fieldname": "motif_dissolution",
            "label": "Motif de Dissolution",
            "fieldtype": "Select",
            "options": "Décision anticipée des associés\nAutre motif"
        },
        {
            "fieldname": "liquidateur",
            "label": "Liquidateur Nommé",
            "fieldtype": "Link",
            "options": "Partie"
        },
        {
            "fieldname": "date_dissolution",
            "label": "Date de Dissolution",
            "fieldtype": "Date"
        },
        {
            "fieldname": "acte_dissolution_redige",
            "label": "Acte de Dissolution Rédigé",
            "fieldtype": "Check",
            "default": 0
        },
        {
            "fieldname": "signe_notaire",
            "label": "Signé par Notaire",
            "fieldtype": "Check",
            "default": 0
        },
        {
            "fieldname": "enregistre_impots",
            "label": "Enregistré (Impôts)",
            "fieldtype": "Check",
            "default": 0
        },
        {
            "fieldname": "declaration_rccm",
            "label": "Déclaration au RCCM",
            "fieldtype": "Check",
            "default": 0
        },
        {
            "fieldname": "cloture_liquidation",
            "label": "Clôture Liquidation",
            "fieldtype": "Check",
            "default": 0
        },
        {
            "fieldname": "radiation_rc",
            "label": "Radiation RC effectuée",
            "fieldtype": "Check",
            "default": 0
        },
        {
            "fieldname": "documents_remis",
            "label": "Documents remis",
            "fieldtype": "Check",
            "default": 0
        },
        {
            "fieldname": "observations",
            "label": "Observations",
            "fieldtype": "Text"
        }
    ],
    "istable": 0,
    "permissions": []
}
