{
    "doctype": "DocType",
    "name": "Donation",
    "module": "Custom",
    "custom": 1,
    "fields": [
        {
            "fieldname": "dossier",
            "label": "Dossier",
            "fieldtype": "Link",
            "options": "Dossier Notarial",
            "reqd": 1
        },
        {
            "fieldname": "donateurs",
            "label": "Donateur(s)",
            "fieldtype": "Table",
            "options": "Donateur"
        },
        {
            "fieldname": "donataires",
            "label": "Donataire(s)",
            "fieldtype": "Table",
            "options": "Donataire"
        },
        {
            "fieldname": "nature_bien",
            "label": "Nature du Bien Donné",
            "fieldtype": "Select",
            "options": "Immeuble\nMeuble\nSomme d’argent\nAutre",
            "reqd": 1
        },
        {
            "fieldname": "montant",
            "label": "Montant",
            "fieldtype": "Currency",
            "depends_on": "eval:doc.nature_bien=='Somme d\\'argent'"
        },
        {
            "fieldname": "reference_bien",
            "label": "Référence du Bien",
            "fieldtype": "Data",
            "depends_on": "eval:doc.nature_bien=='Immeuble'"
        },
        {
            "fieldname": "description_bien",
            "label": "Description du Bien",
            "fieldtype": "Small Text",
            "depends_on": "eval:doc.nature_bien=='Meuble' || doc.nature_bien=='Autre'"
        },
        {
            "fieldname": "valeur",
            "label": "Valeur",
            "fieldtype": "Currency"
        },
        {
            "fieldname": "regime_matrimonial_donateur",
            "label": "Régime Matrimonial Donateur",
            "fieldtype": "Select",
            "options": "Communauté des biens\nSéparation de biens\nParticipation aux acquêts"
        },
        {
            "fieldname": "reserve_hereditaire_ok",
            "label": "Réserve Héréditaire OK",
            "fieldtype": "Check",
            "default": 0
        },
        {
            "fieldname": "acte_redige",
            "label": "Acte Rédigé",
            "fieldtype": "Check",
            "default": 0
        },
        {
            "fieldname": "provision_versee",
            "label": "Provision Versée",
            "fieldtype": "Check",
            "default": 0
        },
        {
            "fieldname": "signe_parties",
            "label": "Signé par les Parties",
            "fieldtype": "Check",
            "default": 0
        },
        {
            "fieldname": "signe_notaire",
            "label": "Signé par Notaire",
            "fieldtype": "Check",
            "default": 0
        },
        {
            "fieldname": "enregistre_dgid",
            "label": "Enregistré DGID",
            "fieldtype": "Check",
            "default": 0
        },
        {
            "fieldname": "mutation_immobiliere",
            "label": "Mutation Immobilière",
            "fieldtype": "Check",
            "default": 0
        },
        {
            "fieldname": "titre_restitue",
            "label": "Titre Restitué",
            "fieldtype": "Check",
            "default": 0
        },
        {
            "fieldname": "expeditions_remises",
            "label": "Expéditions Remises",
            "fieldtype": "Check",
            "default": 0
        },
        {
            "fieldname": "observations",
            "label": "Observations",
            "fieldtype": "Text"
        }
    ],
    "istable": 0,
    "permissions": []
}