{
    "doctype": "DocType",
    "name": "Dossier Notarial",
    "module": "Custom",
    "custom": 1,
    "fields": [
        {
            "fieldname": "reference_dossier",
            "label": "Référence Dossier",
            "fieldtype": "Data",
            "unique": 1,
            "read_only": 1
        },
        {
            "fieldname": "domaine",
            "label": "Domaine",
            "fieldtype": "Select",
            "options": "Droit des Sociétés\nDroit Immobilier\nDroit de la Famille\nDroit des Sûretés"
        },
        {
            "fieldname": "type_de_dossier",
            "label": "Type de Dossier",
            "fieldtype": "Select",
            "options": "Constitution de Société Commerciale\nConstitution de Société Civile\nConstitution de G.I.E.\nAugmentation ou Réduction de Capital\nCession de Parts Sociales ou Actions\nTransformation de Société\nDissolution de Société\nFusion de Sociétés\nApport Partiel d’Actif\nVente Immobilière\nVente avec Conditions Suspensives\nVente avec Déclaration de Command\nVente d’Immeuble en Copropriété\nRèglement de Copropriété\nAdjudication\nÉchange\nPartage\nOuverture de Crédit Hypothécaire\nOuverture de Crédit avec Nantissement\nMainlevée d’Hypothèque\nMainlevée de Nantissement\nContrat de Mariage\nAutorisation Parentale\nReconnaissance de Paternité\nDonation\nTestament Authentique\nTestament Mystique\nProcuration\nDéclaration de Succession\nActe de Notoriété"
        },
        {
            "fieldname": "titre",
            "label": "Titre / Objet",
            "fieldtype": "Data"
        },
        {
            "fieldname": "parties",
            "label": "Parties Prenantes",
            "fieldtype": "Table",
            "options": "Partie Dossier"
        },
        {
            "fieldname": "notaire_responsable",
            "label": "Notaire Responsable",
            "fieldtype": "Link",
            "options": "User"
        },
        {
            "fieldname": "clerc_responsable",
            "label": "Clerc Responsable",
            "fieldtype": "Link",
            "options": "User"
        },
        {
            "fieldname": "date_ouverture",
            "label": "Date d’Ouverture",
            "fieldtype": "Date"
        },
        {
            "fieldname": "statut",
            "label": "Statut du Dossier",
            "fieldtype": "Select",
            "options": "Brouillon\nOuvert\nTerminé\nArchivé\nAnnulé",
            "read_only": 1
        },
        {
            "fieldname": "notes",
            "label": "Description / Notes",
            "fieldtype": "Text"
        }
    ],
    "istable": 0,
    "permissions": []
}