{
    "doctype": "DocType",
    "name": "Déclaration de Succession",
    "module": "Custom",
    "custom": 1,
    "fields": [
        {
            "fieldname": "dossier",
            "label": "Dossier",
            "fieldtype": "Link",
            "options": "Dossier Notarial",
            "reqd": 1
        },
        {
            "fieldname": "defunt",
            "label": "Défunt (Personne)",
            "fieldtype": "Link",
            "options": "Partie",
            "reqd": 1
        },
        {
            "fieldname": "date_deces",
            "label": "Date du Décès",
            "fieldtype": "Date"
        },
        {
            "fieldname": "jugement_heredite",
            "label": "Jugement d’Hérédité",
            "fieldtype": "Check",
            "default": 0
        },
        {
            "fieldname": "temoins",
            "label": "Témoins",
            "fieldtype": "Table",
            "options": "Témoin"
        },
        {
            "fieldname": "heritiers",
            "label": "Héritiers",
            "fieldtype": "Table",
            "options": "Héritier"
        },
        {
            "fieldname": "actif",
            "label": "Actif Successoral",
            "fieldtype": "Table",
            "options": "Bien Successoral"
        },
        {
            "fieldname": "passif",
            "label": "Passif Successoral",
            "fieldtype": "Table",
            "options": "Passif Successoral"
        },
        {
            "fieldname": "actif_net",
            "label": "Actif Net",
            "fieldtype": "Currency",
            "read_only": 1
        },
        {
            "fieldname": "droits_mutation",
            "label": "Droits de Mutation",
            "fieldtype": "Currency"
        },
        {
            "fieldname": "formulaire_prepare",
            "label": "Formulaire Préparé",
            "fieldtype": "Check",
            "default": 0
        },
        {
            "fieldname": "signe_notaire",
            "label": "Signé par Notaire",
            "fieldtype": "Check",
            "default": 0
        },
        {
            "fieldname": "enregistre",
            "label": "Enregistré",
            "fieldtype": "Check",
            "default": 0
        },
        {
            "fieldname": "certificat_paiement",
            "label": "Certificat de Paiement",
            "fieldtype": "Check",
            "default": 0
        },
        {
            "fieldname": "acte_notoriete_requis",
            "label": "Acte de Notoriété Requis",
            "fieldtype": "Check",
            "default": 0
        },
        {
            "fieldname": "observations",
            "label": "Observations",
            "fieldtype": "Text"
        }
    ],
    "istable": 0,
    "permissions": []
}