{
    "doctype": "DocType",
    "name": "Fusion de Sociétés",
    "module": "Custom",
    "custom": 1,
    "fields": [
        {
            "fieldname": "dossier",
            "label": "Dossier",
            "fieldtype": "Link",
            "options": "Dossier Notarial",
            "reqd": 1
        },
        {
            "fieldname": "societe_absorbante",
            "label": "Société Absorbante",
            "fieldtype": "Link",
            "options": "Partie",
            "reqd": 1
        },
        {
            "fieldname": "societe_absorbee",
            "label": "Société Absorbée",
            "fieldtype": "Link",
            "options": "Partie",
            "reqd": 1
        },
        {
            "fieldname": "type_fusion",
            "label": "Type de Fusion",
            "fieldtype": "Select",
            "options": "Fusion-Absorption\nFusion-Création"
        },
        {
            "fieldname": "traite_fusion_prepare",
            "label": "Traité de Fusion Préparé",
            "fieldtype": "Check",
            "default": 0
        },
        {
            "fieldname": "age_approbation",
            "label": "AGE Approbation",
            "fieldtype": "Check",
            "default": 0
        },
        {
            "fieldname": "acte_fusion_redige",
            "label": "Acte de Fusion Rédigé",
            "fieldtype": "Check",
            "default": 0
        },
        {
            "fieldname": "signe_notaire",
            "label": "Acte Signé par Notaire",
            "fieldtype": "Check",
            "default": 0
        },
        {
            "fieldname": "enregistre_impots",
            "label": "Enregistré (Impôts)",
            "fieldtype": "Check",
            "default": 0
        },
        {
            "fieldname": "immatriculations_maj",
            "label": "Immatriculations MàJ",
            "fieldtype": "Check",
            "default": 0
        },
        {
            "fieldname": "nouvelle_entite",
            "label": "Nouvelle Entité",
            "fieldtype": "Link",
            "options": "Partie"
        },
        {
            "fieldname": "documents_remis",
            "label": "Documents remis",
            "fieldtype": "Check",
            "default": 0
        },
        {
            "fieldname": "observations",
            "label": "Observations",
            "fieldtype": "Text"
        }
    ],
    "istable": 0,
    "permissions": []
}
