{
    "doctype": "DocType",
    "name": "Héritier",
    "module": "Custom",
    "custom": 1,
    "fields": [
        {
            "fieldname": "partie",
            "label": "Partie",
            "fieldtype": "Link",
            "options": "Partie",
            "reqd": 1,
            "in_list_view": 1
        },
        {
            "fieldname": "lien_parenté",
            "label": "Lien de parenté",
            "fieldtype": "Data",
            "in_list_view": 1
        },
        {
            "fieldname": "part_succession",
            "label": "Part Succession",
            "fieldtype": "Percent",
            "in_list_view": 1
        }
    ],
    "istable": 1,
    "permissions": []
}