{
    "doctype": "DocType",
    "name": "Mainlevée de Nantissement",
    "module": "Custom",
    "custom": 1,
    "fields": [
        {
            "fieldname": "dossier",
            "label": "Dossier",
            "fieldtype": "Link",
            "options": "Dossier Notarial",
            "reqd": 1
        },
        {
            "fieldname": "reference_nantissement",
            "label": "Référence Nantissement",
            "fieldtype": "Data"
        },
        {
            "fieldname": "creancier",
            "label": "Créancier",
            "fieldtype": "Link",
            "options": "Partie"
        },
        {
            "fieldname": "debiteur",
            "label": "Débiteur",
            "fieldtype": "Link",
            "options": "Partie"
        },
        {
            "fieldname": "date_remboursement",
            "label": "Date de remboursement",
            "fieldtype": "Date"
        },
        {
            "fieldname": "quittance",
            "label": "Quittance",
            "fieldtype": "Attach"
        },
        {
            "fieldname": "acte_redige",
            "label": "Acte de Mainlevée Rédigé",
            "fieldtype": "Check",
            "default": 0
        },
        {
            "fieldname": "signe_notaire",
            "label": "Signé Notaire",
            "fieldtype": "Check",
            "default": 0
        },
        {
            "fieldname": "enregistre",
            "label": "Enregistré",
            "fieldtype": "Check",
            "default": 0
        },
        {
            "fieldname": "radiation_nantissement",
            "label": "Radiation Nantissement",
            "fieldtype": "Check",
            "default": 0
        },
        {
            "fieldname": "reference_radiation",
            "label": "Référence Radiation",
            "fieldtype": "Data"
        },
        {
            "fieldname": "expedition_remise",
            "label": "Expédition Remise",
            "fieldtype": "Check",
            "default": 0
        }
    ],
    "istable": 0,
    "permissions": []
}