{
    "doctype": "DocType",
    "name": "Membre GIE",
    "module": "Custom",
    "custom": 1,
    "fields": [
        {
            "fieldname": "partie",
            "label": "Membre",
            "fieldtype": "Link",
            "options": "Partie",
            "reqd": 1,
            "in_list_view": 1
        },
        {
            "fieldname": "contribution",
            "label": "Contribution",
            "fieldtype": "Data",
            "in_list_view": 1
        }
    ],
    "istable": 1,
    "permissions": []
}