{
    "doctype": "DocType",
    "name": "Ouverture de Crédit avec Nantissement",
    "module": "Custom",
    "custom": 1,
    "fields": [
        {
            "fieldname": "dossier",
            "label": "Dossier",
            "fieldtype": "Link",
            "options": "Dossier Notarial",
            "reqd": 1
        },
        {
            "fieldname": "emprunteur",
            "label": "Emprunteur",
            "fieldtype": "Link",
            "options": "Partie"
        },
        {
            "fieldname": "banque",
            "label": "Banque",
            "fieldtype": "Link",
            "options": "Partie"
        },
        {
            "fieldname": "montant",
            "label": "Montant",
            "fieldtype": "Currency"
        },
        {
            "fieldname": "objet_nantissement",
            "label": "Objet du Nantissement",
            "fieldtype": "Small Text"
        },
        {
            "fieldname": "taux_interet",
            "label": "Taux d’intérêt",
            "fieldtype": "Percent"
        },
        {
            "fieldname": "duree",
            "label": "Durée",
            "fieldtype": "Data"
        },
        {
            "fieldname": "acte_redige",
            "label": "Acte Rédigé",
            "fieldtype": "Check",
            "default": 0
        },
        {
            "fieldname": "signe_notaire",
            "label": "Signé",
            "fieldtype": "Check",
            "default": 0
        },
        {
            "fieldname": "enregistre",
            "label": "Enregistré",
            "fieldtype": "Check",
            "default": 0
        },
        {
            "fieldname": "inscription_nantissement",
            "label": "Inscription Prise",
            "fieldtype": "Check",
            "default": 0
        },
        {
            "fieldname": "reference_inscription",
            "label": "Référence Inscription",
            "fieldtype": "Data"
        },
        {
            "fieldname": "expeditions_remises",
            "label": "Expéditions Remises",
            "fieldtype": "Check",
            "default": 0
        },
        {
            "fieldname": "observations",
            "label": "Observations",
            "fieldtype": "Text"
        }
    ],
    "istable": 0,
    "permissions": []
}