{
    "doctype": "DocType",
    "name": "Ouverture de Crédit Hypothécaire",
    "module": "Custom",
    "custom": 1,
    "fields": [
        {
            "fieldname": "dossier",
            "label": "Dossier",
            "fieldtype": "Link",
            "options": "Dossier Notarial",
            "reqd": 1
        },
        {
            "fieldname": "emprunteur",
            "label": "Emprunteur",
            "fieldtype": "Link",
            "options": "Partie"
        },
        {
            "fieldname": "etablissement_credit",
            "label": "Établissement de Crédit",
            "fieldtype": "Link",
            "options": "Partie"
        },
        {
            "fieldname": "montant_credit",
            "label": "Montant du Crédit",
            "fieldtype": "Currency"
        },
        {
            "fieldname": "bien_hypotheque",
            "label": "Bien Hypothéqué",
            "fieldtype": "Small Text"
        },
        {
            "fieldname": "rang_hypotheque",
            "label": "Rang d’Hypothèque",
            "fieldtype": "Select",
            "options": "1er rang\n2ème rang\nAutre"
        },
        {
            "fieldname": "taux_interet",
            "label": "Taux d’intérêt",
            "fieldtype": "Percent"
        },
        {
            "fieldname": "duree",
            "label": "Durée",
            "fieldtype": "Data"
        },
        {
            "fieldname": "acte_redige",
            "label": "Acte Rédigé",
            "fieldtype": "Check",
            "default": 0
        },
        {
            "fieldname": "signe_notaire",
            "label": "Signé",
            "fieldtype": "Check",
            "default": 0
        },
        {
            "fieldname": "enregistre",
            "label": "Enregistré",
            "fieldtype": "Check",
            "default": 0
        },
        {
            "fieldname": "inscription_hypotheque",
            "label": "Inscription Hypothécaire Prise",
            "fieldtype": "Check",
            "default": 0
        },
        {
            "fieldname": "reference_inscription",
            "label": "Référence Inscription",
            "fieldtype": "Data"
        },
        {
            "fieldname": "expeditions_remises",
            "label": "Expéditions Remises",
            "fieldtype": "Check",
            "default": 0
        },
        {
            "fieldname": "observations",
            "label": "Observations",
            "fieldtype": "Text"
        }
    ],
    "istable": 0,
    "permissions": []
}
