{
    "doctype": "DocType",
    "name": "Partie",
    "module": "Custom",
    "custom": 1,
    "fields": [
        {
            "fieldname": "nom_complet",
            "label": "Nom Complet / Dénomination",
            "fieldtype": "Data",
            "reqd": 1
        },
        {
            "fieldname": "type_personne",
            "label": "Type de Personne",
            "fieldtype": "Select",
            "options": "Personne Physique\nPersonne Morale",
            "reqd": 1
        },
        {
            "fieldname": "prenoms",
            "label": "Prénom(s)",
            "fieldtype": "Data",
            "depends_on": "eval:doc.type_personne=='Personne Physique'"
        },
        {
            "fieldname": "nom_famille",
            "label": "Nom de Famille",
            "fieldtype": "Data",
            "depends_on": "eval:doc.type_personne=='Personne Physique'"
        },
        {
            "fieldname": "forme_juridique",
            "label": "Forme Juridique",
            "fieldtype": "Select",
            "options": "SA\nSARL\nSAS\nGIE\nAssociation",
            "depends_on": "eval:doc.type_personne=='Personne Morale'"
        },
        {
            "fieldname": "identifiant_national",
            "label": "Identifiant National",
            "fieldtype": "Data"
        },
        {
            "fieldname": "adresse",
            "label": "Adresse",
            "fieldtype": "Small Text"
        },
        {
            "fieldname": "telephone",
            "label": "Téléphone",
            "fieldtype": "Data",
            "options": "Phone"
        },
        {
            "fieldname": "email",
            "label": "Email",
            "fieldtype": "Data",
            "options": "Email"
        },
        {
            "fieldname": "regime_matrimonial",
            "label": "Régime Matrimonial",
            "fieldtype": "Select",
            "options": "Communauté des biens\nSéparation de biens\nParticipation aux acquêts",
            "depends_on": "eval:doc.type_personne=='Personne Physique'"
        },
        {
            "fieldname": "profession",
            "label": "Profession",
            "fieldtype": "Data"
        },
        {
            "fieldname": "commentaires",
            "label": "Commentaires",
            "fieldtype": "Text"
        }
    ],
    "istable": 0,
    "permissions": []
}