{
    "doctype": "DocType",
    "name": "Partage",
    "module": "Custom",
    "custom": 1,
    "fields": [
        {
            "fieldname": "dossier",
            "label": "Dossier",
            "fieldtype": "Link",
            "options": "Dossier Notarial",
            "reqd": 1
        },
        {
            "fieldname": "indivisaires",
            "label": "Indivisaires",
            "fieldtype": "Table",
            "options": "Indivisaire"
        },
        {
            "fieldname": "biens",
            "label": "Liste des Biens à Partager",
            "fieldtype": "Table",
            "options": "Bien à Partager"
        },
        {
            "fieldname": "attributions",
            "label": "Attributions",
            "fieldtype": "Table",
            "options": "Attribution Partage"
        },
        {
            "fieldname": "soultes",
            "label": "Soultes",
            "fieldtype": "Table",
            "options": "Soulte Partage"
        },
        {
            "fieldname": "acte_partage_redige",
            "label": "Acte de Partage Rédigé",
            "fieldtype": "Check",
            "default": 0
        },
        {
            "fieldname": "notaire_signe",
            "label": "Signé par Notaire",
            "fieldtype": "Check",
            "default": 0
        },
        {
            "fieldname": "enregistre",
            "label": "Enregistré",
            "fieldtype": "Check",
            "default": 0
        },
        {
            "fieldname": "depot_conservation",
            "label": "Dépôt Conservation",
            "fieldtype": "Check",
            "default": 0
        },
        {
            "fieldname": "documents_remis",
            "label": "Documents remis",
            "fieldtype": "Check",
            "default": 0
        },
        {
            "fieldname": "observations",
            "label": "Observations",
            "fieldtype": "Text"
        }
    ],
    "istable": 0,
    "permissions": []
}