{
    "doctype": "DocType",
    "name": "Partie Dossier",
    "module": "Custom",
    "custom": 1,
    "fields": [
        {
            "fieldname": "partie",
            "label": "Partie",
            "fieldtype": "Link",
            "options": "Partie",
            "reqd": 1,
            "in_list_view": 1
        },
        {
            "fieldname": "role",
            "label": "Rôle dans le Dossier",
            "fieldtype": "Select",
            "options": "Client\nVendeur\nAcheteur\nDonateur\nDonataire\nHéritier\nTémoin\nInterprète\nBanque\nAutre",
            "reqd": 1,
            "in_list_view": 1
        }
    ],
    "istable": 1,
    "permissions": []
}