{
    "doctype": "DocType",
    "name": "Passif Successoral",
    "module": "Custom",
    "custom": 1,
    "fields": [
        {
            "fieldname": "description",
            "label": "Description",
            "fieldtype": "Data",
            "in_list_view": 1
        },
        {
            "fieldname": "montant",
            "label": "Montant",
            "fieldtype": "Currency",
            "in_list_view": 1
        }
    ],
    "istable": 1,
    "permissions": []
}