{
    "doctype": "DocType",
    "name": "Pièce Justificative",
    "module": "Custom",
    "custom": 1,
    "fields": [
        {
            "fieldname": "dossier",
            "label": "Dossier Lié",
            "fieldtype": "Link",
            "options": "Dossier Notarial",
            "reqd": 1
        },
        {
            "fieldname": "acte_lie_type",
            "label": "Type d’Acte Lié",
            "fieldtype": "Link",
            "options": "DocType"
        },
        {
            "fieldname": "acte_lie",
            "label": "Acte Lié",
            "fieldtype": "Dynamic Link",
            "options": "acte_lie_type"
        },
        {
            "fieldname": "type_piece",
            "label": "Type de Pièce",
            "fieldtype": "Select",
            "options": "Carte d’Identité\nPasseport\nTitre Foncier\nExtrait de Naissance\nCertificat de Mariage\nJugement d’Hérédité\nFormulaire DGID\nAutre"
        },
        {
            "fieldname": "description",
            "label": "Description",
            "fieldtype": "Data"
        },
        {
            "fieldname": "fichier",
            "label": "Fichier",
            "fieldtype": "Attach"
        },
        {
            "fieldname": "fourni_par",
            "label": "Fourni par",
            "fieldtype": "Link",
            "options": "Partie"
        },
        {
            "fieldname": "date_reception",
            "label": "Date de Réception",
            "fieldtype": "Date"
        },
        {
            "fieldname": "obligatoire",
            "label": "Obligatoire",
            "fieldtype": "Check",
            "default": 0
        },
        {
            "fieldname": "validee",
            "label": "Validée",
            "fieldtype": "Check",
            "default": 0
        }
    ],
    "istable": 0,
    "permissions": []
}
