{
    "doctype": "DocType",
    "name": "Procuration",
    "module": "Custom",
    "custom": 1,
    "fields": [
        {
            "fieldname": "dossier",
            "label": "Dossier",
            "fieldtype": "Link",
            "options": "Dossier Notarial",
            "reqd": 1
        },
        {
            "fieldname": "mandant",
            "label": "Mandant (Donneur de pouvoir)",
            "fieldtype": "Link",
            "options": "Partie"
        },
        {
            "fieldname": "mandataire",
            "label": "Mandataire",
            "fieldtype": "Link",
            "options": "Partie"
        },
        {
            "fieldname": "objet_procuration",
            "label": "Objet de la Procuration",
            "fieldtype": "Small Text"
        },
        {
            "fieldname": "duree_validite",
            "label": "Durée/Validité",
            "fieldtype": "Small Text"
        },
        {
            "fieldname": "acte_signe",
            "label": "Acte Signé",
            "fieldtype": "Check",
            "default": 0
        },
        {
            "fieldname": "notaire_signe",
            "label": "Notaire a Signé",
            "fieldtype": "Check",
            "default": 0
        },
        {
            "fieldname": "enregistre",
            "label": "Enregistré",
            "fieldtype": "Check",
            "default": 0
        },
        {
            "fieldname": "copies_remises",
            "label": "Copies Remises",
            "fieldtype": "Check",
            "default": 0
        }
    ],
    "istable": 0,
    "permissions": []
}