{
    "doctype": "DocType",
    "name": "Reconnaissance de Paternité",
    "module": "Custom",
    "custom": 1,
    "fields": [
        {
            "fieldname": "dossier",
            "label": "Dossier",
            "fieldtype": "Link",
            "options": "Dossier Notarial",
            "reqd": 1
        },
        {
            "fieldname": "pere",
            "label": "Père (Reconnaissant)",
            "fieldtype": "Link",
            "options": "Partie"
        },
        {
            "fieldname": "enfant",
            "label": "Enfant",
            "fieldtype": "Link",
            "options": "Partie"
        },
        {
            "fieldname": "mere",
            "label": "Mère",
            "fieldtype": "Link",
            "options": "Partie"
        },
        {
            "fieldname": "date_naissance_enfant",
            "label": "Date Naissance Enfant",
            "fieldtype": "Date"
        },
        {
            "fieldname": "lieu_naissance",
            "label": "Lieu Naissance",
            "fieldtype": "Data"
        },
        {
            "fieldname": "acte_naissance",
            "label": "Acte de Naissance",
            "fieldtype": "Attach"
        },
        {
            "fieldname": "acte_redige_signe",
            "label": "Acte Rédigé & Signé",
            "fieldtype": "Check",
            "default": 0
        },
        {
            "fieldname": "notaire_signe",
            "label": "Notaire a Signé",
            "fieldtype": "Check",
            "default": 0
        },
        {
            "fieldname": "enregistre",
            "label": "Enregistré",
            "fieldtype": "Check",
            "default": 0
        },
        {
            "fieldname": "transcrit_etat_civil",
            "label": "Transcrit à l’État Civil",
            "fieldtype": "Check",
            "default": 0
        },
        {
            "fieldname": "copies_remises",
            "label": "Copies Remises",
            "fieldtype": "Check",
            "default": 0
        }
    ],
    "istable": 0,
    "permissions": []
}