{
    "doctype": "DocType",
    "name": "Règlement de Copropriété",
    "module": "Custom",
    "custom": 1,
    "fields": [
        {
            "fieldname": "dossier",
            "label": "Dossier",
            "fieldtype": "Link",
            "options": "Dossier Notarial",
            "reqd": 1
        },
        {
            "fieldname": "proprietaire_immeuble",
            "label": "Propriétaire de l’Immeuble",
            "fieldtype": "Link",
            "options": "Partie"
        },
        {
            "fieldname": "titre_foncier",
            "label": "Titre Foncier",
            "fieldtype": "Data"
        },
        {
            "fieldname": "permis_construire_ref",
            "label": "Autorisation de Construire (Référence)",
            "fieldtype": "Data"
        },
        {
            "fieldname": "permis_construire_fichier",
            "label": "Autorisation de Construire (Fichier)",
            "fieldtype": "Attach"
        },
        {
            "fieldname": "certificat_conformite_ref",
            "label": "Certificat de Conformité (Référence)",
            "fieldtype": "Data"
        },
        {
            "fieldname": "certificat_conformite_fichier",
            "label": "Certificat de Conformité (Fichier)",
            "fieldtype": "Attach"
        },
        {
            "fieldname": "nombre_lots",
            "label": "Nombre de Lots",
            "fieldtype": "Int"
        },
        {
            "fieldname": "description_sommaire",
            "label": "Description sommaire",
            "fieldtype": "Small Text"
        },
        {
            "fieldname": "reglement_redige",
            "label": "Règlement Rédigé",
            "fieldtype": "Check",
            "default": 0
        },
        {
            "fieldname": "signe_notaire",
            "label": "Signé par Notaire",
            "fieldtype": "Check",
            "default": 0
        },
        {
            "fieldname": "enregistre",
            "label": "Enregistré",
            "fieldtype": "Check",
            "default": 0
        },
        {
            "fieldname": "depot_conservation",
            "label": "Dépôt Conservation",
            "fieldtype": "Check",
            "default": 0
        },
        {
            "fieldname": "documents_remis",
            "label": "Documents remis",
            "fieldtype": "Check",
            "default": 0
        },
        {
            "fieldname": "observations",
            "label": "Observations",
            "fieldtype": "Text"
        }
    ],
    "istable": 0,
    "permissions": []
}
