{
    "doctype": "DocType",
    "name": "Augmentation/Réduction de Capital",
    "module": "Custom",
    "custom": 1,
    "fields": [
        {
            "fieldname": "dossier",
            "label": "Dossier",
            "fieldtype": "Link",
            "options": "Dossier Notarial",
            "reqd": 1
        },
        {
            "fieldname": "societe",
            "label": "Société Concernée",
            "fieldtype": "Link",
            "options": "Partie"
        },
        {
            "fieldname": "type_operation",
            "label": "Type d’Opération",
            "fieldtype": "Select",
            "options": "Augmentation de Capital\nRéduction de Capital",
            "reqd": 1
        },
        {
            "fieldname": "capital_actuel",
            "label": "Capital Actuel",
            "fieldtype": "Currency"
        },
        {
            "fieldname": "nouveau_capital",
            "label": "Nouveau Capital",
            "fieldtype": "Currency"
        },
        {
            "fieldname": "montant_variation",
            "label": "Montant de l’Augmentation/Réduction",
            "fieldtype": "Currency"
        },
        {
            "fieldname": "modalites",
            "label": "Modalités",
            "fieldtype": "Text"
        },
        {
            "fieldname": "pv_approbation",
            "label": "PV Assemblée Approbation",
            "fieldtype": "Check",
            "default": 0
        },
        {
            "fieldname": "acte_modificatif",
            "label": "Acte de Modification Rédigé",
            "fieldtype": "Check",
            "default": 0
        },
        {
            "fieldname": "signe_notaire",
            "label": "Signé par Notaire",
            "fieldtype": "Check",
            "default": 0
        },
        {
            "fieldname": "enregistre_dgid",
            "label": "Enregistré DGID",
            "fieldtype": "Check",
            "default": 0
        },
        {
            "fieldname": "declaration_greffe",
            "label": "Déclaration Modificative Greffe",
            "fieldtype": "Check",
            "default": 0
        },
        {
            "fieldname": "no_nouvelle_immatriculation",
            "label": "No Nouvelle Immatriculation",
            "fieldtype": "Data"
        },
        {
            "fieldname": "documents_classes",
            "label": "Documents remis & classés",
            "fieldtype": "Check",
            "default": 0
        },
        {
            "fieldname": "observations",
            "label": "Observations",
            "fieldtype": "Text"
        }
    ],
    "istable": 0,
    "permissions": []
}