{
    "doctype": "DocType",
    "name": "Testament Mystique",
    "module": "Custom",
    "custom": 1,
    "fields": [
        {
            "fieldname": "dossier",
            "label": "Dossier",
            "fieldtype": "Link",
            "options": "Dossier Notarial",
            "reqd": 1
        },
        {
            "fieldname": "testateur",
            "label": "Testateur",
            "fieldtype": "Link",
            "options": "Partie"
        },
        {
            "fieldname": "date_depot",
            "label": "Date Dépôt",
            "fieldtype": "Date"
        },
        {
            "fieldname": "temoins",
            "label": "Témoins Présents",
            "fieldtype": "Table",
            "options": "Témoin"
        },
        {
            "fieldname": "nb_feuillets",
            "label": "Nb Feuillets",
            "fieldtype": "Int"
        },
        {
            "fieldname": "minute_depot",
            "label": "Minute d’Acte de Dépôt",
            "fieldtype": "Attach"
        },
        {
            "fieldname": "signe_acte",
            "label": "Signé (Notaire/Témoins)",
            "fieldtype": "Check",
            "default": 0
        },
        {
            "fieldname": "enregistre",
            "label": "Enregistré",
            "fieldtype": "Check",
            "default": 0
        },
        {
            "fieldname": "retrait_apres_deces",
            "label": "Retrait après décès",
            "fieldtype": "Date"
        },
        {
            "fieldname": "observations",
            "label": "Observations",
            "fieldtype": "Text"
        }
    ],
    "istable": 0,
    "permissions": []
}