{
    "doctype": "DocType",
    "name": "Transformation de Société",
    "module": "Custom",
    "custom": 1,
    "fields": [
        {
            "fieldname": "dossier",
            "label": "Dossier",
            "fieldtype": "Link",
            "options": "Dossier Notarial",
            "reqd": 1
        },
        {
            "fieldname": "societe_avant",
            "label": "Société (Avant)",
            "fieldtype": "Link",
            "options": "Partie"
        },
        {
            "fieldname": "forme_actuelle",
            "label": "Forme Actuelle",
            "fieldtype": "Data"
        },
        {
            "fieldname": "nouvelle_forme",
            "label": "Nouvelle Forme",
            "fieldtype": "Select",
            "options": "SA\nSARL\nSAS\nAutre"
        },
        {
            "fieldname": "ag_transformation",
            "label": "AG de Transformation",
            "fieldtype": "Check",
            "default": 0
        },
        {
            "fieldname": "date_effet",
            "label": "Date Effet Transformation",
            "fieldtype": "Date"
        },
        {
            "fieldname": "statuts_rediges",
            "label": "Nouveaux Statuts Rédigés",
            "fieldtype": "Check",
            "default": 0
        },
        {
            "fieldname": "acte_transformation_redige",
            "label": "Acte de Transformation Rédigé",
            "fieldtype": "Check",
            "default": 0
        },
        {
            "fieldname": "signe_notaire",
            "label": "Signé par Notaire",
            "fieldtype": "Check",
            "default": 0
        },
        {
            "fieldname": "enregistre_dgid",
            "label": "Enregistré",
            "fieldtype": "Check",
            "default": 0
        },
        {
            "fieldname": "statuts_maj_greffe",
            "label": "Statuts Mis à Jour au Greffe",
            "fieldtype": "Check",
            "default": 0
        },
        {
            "fieldname": "nouveau_rccm",
            "label": "Nouveau RCCM/Numéro",
            "fieldtype": "Data"
        },
        {
            "fieldname": "expeditions_remises",
            "label": "Expéditions Remises",
            "fieldtype": "Check",
            "default": 0
        },
        {
            "fieldname": "observations",
            "label": "Observations",
            "fieldtype": "Text"
        }
    ],
    "istable": 0,
    "permissions": []
}
