{
    "doctype": "DocType",
    "name": "Vente Vendeur",
    "module": "Custom",
    "custom": 1,
    "fields": [
        {
            "fieldname": "partie",
            "label": "Vendeur",
            "fieldtype": "Link",
            "options": "Partie",
            "reqd": 1,
            "in_list_view": 1
        },
        {
            "fieldname": "part_propriete",
            "label": "% Propriété Cédée",
            "fieldtype": "Percent",
            "in_list_view": 1
        }
    ],
    "istable": 1,
    "permissions": []
}