{
    "doctype": "DocType",
    "name": "Vente avec Déclaration de Command",
    "module": "Custom",
    "custom": 1,
    "fields": [
        {
            "fieldname": "dossier",
            "label": "Dossier",
            "fieldtype": "Link",
            "options": "Dossier Notarial",
            "reqd": 1
        },
        {
            "fieldname": "vendeurs",
            "label": "Vendeur(s)",
            "fieldtype": "Table",
            "options": "Vente Vendeur"
        },
        {
            "fieldname": "acheteurs",
            "label": "Acheteur(s)",
            "fieldtype": "Table",
            "options": "Vente Acheteur"
        },
        {
            "fieldname": "description_bien",
            "label": "Description du Bien",
            "fieldtype": "Small Text"
        },
        {
            "fieldname": "reference_titre",
            "label": "Référence Titre",
            "fieldtype": "Data"
        },
        {
            "fieldname": "requisition_edr",
            "label": "Réquisition EDR",
            "fieldtype": "Check",
            "default": 0
        },
        {
            "fieldname": "autorisation_transaction",
            "label": "Autorisation Transaction",
            "fieldtype": "Check",
            "default": 0
        },
        {
            "fieldname": "situation_fiscale_tpv",
            "label": "Situation Fiscale (TPV)",
            "fieldtype": "Check",
            "default": 0
        },
        {
            "fieldname": "prix_vente",
            "label": "Prix de Vente",
            "fieldtype": "Currency"
        },
        {
            "fieldname": "provision_versee",
            "label": "Provision Versée",
            "fieldtype": "Check",
            "default": 0
        },
        {
            "fieldname": "date_signature_acte",
            "label": "Date Signature Acte",
            "fieldtype": "Date"
        },
        {
            "fieldname": "notaire_signe",
            "label": "Notaire a Signé",
            "fieldtype": "Check",
            "default": 0
        },
        {
            "fieldname": "enregistre_dgid",
            "label": "Enregistré (DGID)",
            "fieldtype": "Check",
            "default": 0
        },
        {
            "fieldname": "droits_enregistrement",
            "label": "Droits d’Enregistrement",
            "fieldtype": "Currency"
        },
        {
            "fieldname": "bordereau_timbre",
            "label": "Bordereau Timbre Minute",
            "fieldtype": "Check",
            "default": 0
        },
        {
            "fieldname": "depot_conservation",
            "label": "Dépôt Conservation",
            "fieldtype": "Check",
            "default": 0
        },
        {
            "fieldname": "date_retour_titre",
            "label": "Date Retour Titre",
            "fieldtype": "Date"
        },
        {
            "fieldname": "compte_arrete",
            "label": "Compte Arrêté",
            "fieldtype": "Check",
            "default": 0
        },
        {
            "fieldname": "titre_remis",
            "label": "Titre Remis à l’Acheteur",
            "fieldtype": "Check",
            "default": 0
        },
        {
            "fieldname": "acheteur_apparent",
            "label": "Acheteur Apparent (Commandé)",
            "fieldtype": "Link",
            "options": "Partie"
        },
        {
            "fieldname": "acheteur_reel",
            "label": "Acheteur Réel (Command)",
            "fieldtype": "Link",
            "options": "Partie"
        },
        {
            "fieldname": "delai_command",
            "label": "Délai Command (24h)",
            "fieldtype": "HTML",
            "options": "<div>24 heures</div>"
        },
        {
            "fieldname": "declaration_command_signee",
            "label": "Déclaration de Command Signée",
            "fieldtype": "Check",
            "default": 0
        },
        {
            "fieldname": "command_enregistre",
            "label": "Command Enregistré",
            "fieldtype": "Check",
            "default": 0
        },
        {
            "fieldname": "observations",
            "label": "Observations",
            "fieldtype": "Text"
        }
    ],
    "istable": 0,
    "permissions": []
}
