{
    "doctype": "DocType",
    "name": "Échange",
    "module": "Custom",
    "custom": 1,
    "fields": [
        {
            "fieldname": "dossier",
            "label": "Dossier",
            "fieldtype": "Link",
            "options": "Dossier Notarial",
            "reqd": 1
        },
        {
            "fieldname": "partie1",
            "label": "Partie 1",
            "fieldtype": "Link",
            "options": "Partie"
        },
        {
            "fieldname": "partie2",
            "label": "Partie 2",
            "fieldtype": "Link",
            "options": "Partie"
        },
        {
            "fieldname": "bien_partie1",
            "label": "Bien de la Partie 1",
            "fieldtype": "Small Text"
        },
        {
            "fieldname": "bien_partie2",
            "label": "Bien de la Partie 2",
            "fieldtype": "Small Text"
        },
        {
            "fieldname": "soulte_eventuelle",
            "label": "Soulte éventuelle",
            "fieldtype": "Currency"
        },
        {
            "fieldname": "notaire_signe",
            "label": "Notaire a Signé",
            "fieldtype": "Check",
            "default": 0
        },
        {
            "fieldname": "enregistre",
            "label": "Enregistré",
            "fieldtype": "Check",
            "default": 0
        },
        {
            "fieldname": "depot_conservation",
            "label": "Dépôt Conservation",
            "fieldtype": "Check",
            "default": 0
        },
        {
            "fieldname": "observations",
            "label": "Observations",
            "fieldtype": "Text"
        }
    ],
    "istable": 0,
    "permissions": []
}
